SOURCE_KEY,Persistence,Linear Regression,Random Forest,XGBoost
4UPUqMRk7TRMgml,58.38381153305204,89.83313586138864,72.94386452566401,73.78100268316433
81aHJ1q11NBPMrL,72.01881052843078,79.07197992320016,71.09793598612903,70.31603390244865
9kRcWv60rDACzjR,61.54827807916416,78.34577698173095,62.76864274620357,64.44558523748545
Et9kgGMDl729KT4,54.818659835242116,83.09591631803136,70.2177220434907,70.8312457718294
IQ2d7wF4YD8zU1Q,68.25184649387181,83.09155156269325,67.60866297735794,68.3257081946219
LYwnQax7tkwH5Cb,67.55271448663854,75.20878252865954,67.03457461130485,66.24677718440036
LlT2YUhhzqhg5Sw,62.32791038778382,79.30518370884788,63.76005739475748,63.32311182945232
Mx2yZCDsyf6DPfv,57.342268434800076,84.58450963314364,64.62079395398118,65.22568923681409
NgDl19wMapZy17u,69.491870604782,84.66379967940055,72.7962435638142,72.71413367247736
PeE6FRyGXUgsRhN,66.1812638135423,80.86388037753724,70.69101709235457,70.10904871099456
Qf4GUc1pJu5T6c6,53.21461322081575,86.58620595659445,64.95382672796137,65.98163989026506
Quc1TzYxW2pYoWX,54.46544705645971,78.83292594656344,69.69742812355692,71.80643156887577
V94E5Ben1TlhnDV,54.34855133614627,81.80329834709634,60.78000702496318,61.35465942903197
WcxssY2VbP4hApt,72.60833835643962,79.95941572648391,72.73840560348425,72.22882188701335
mqwcsP2rE7J0TFp,71.44686357243319,86.34708065111661,75.69220184336983,75.74138963201356
oZ35aAeoifZaQzV,59.75880650994575,85.79999475452972,66.05053356631565,67.32441554046959
oZZkBaNadn6DNKz,62.974241510950364,83.43722125467019,69.79052658044166,70.35573396890885
q49J1IKaHRwDQnt,70.73293349407273,79.56177719608418,69.91245674508849,69.45738424782084
rrq4fwE8jgrTyWY,64.11549527828008,77.84583192606425,68.60038614741104,68.32055561086383
vOuJvMaM2sgwLmb,70.58228450874019,78.31330516728593,71.1230157372148,70.02182783722233
xMbIugepa2P7lBB,64.84396825396826,79.80695368658697,64.75222516159994,65.73392482931165
xoJJ8DcxJEcupym,72.1597026321077,77.78727186946493,70.2207653686442,70.35027429296369
