DATE_TIME,SOURCE_KEY,ACTUAL_AC_POWER,EXPECTED_AC_POWER,RESIDUAL,NORMALIZED_RESIDUAL,ABS_NORMALIZED_RESIDUAL,P95_Abs_Norm_Residual,CALIBRATION_OBSERVATIONS
2020-06-17 13:45:00,xoJJ8DcxJEcupym,373.83333333333326,56.833333333333336,316.99999999999994,5.577712609970673,5.577712609970673,0.8195700732505016,143
2020-06-17 13:45:00,oZZkBaNadn6DNKz,371.19999999999993,56.49333333333334,314.7066666666666,5.570686806702854,5.570686806702854,1.1151183176572743,114
2020-06-17 13:45:00,PeE6FRyGXUgsRhN,362.6666666666666,55.546666666666674,307.1199999999999,5.52904464714354,5.52904464714354,1.0050898489883968,130
2020-06-17 13:45:00,9kRcWv60rDACzjR,366.13333333333327,57.220000000000006,308.91333333333324,5.3986950949551415,5.3986950949551415,0.8376117177500583,127
2020-06-16 14:45:00,q49J1IKaHRwDQnt,512.76,83.94285714285715,428.8171428571428,5.108441116405717,5.108441116405717,0.8617696945001074,143
2020-06-17 13:45:00,oZ35aAeoifZaQzV,351.54999999999995,57.760000000000026,293.7899999999999,5.086391966758999,5.086391966758999,1.0,97
2020-06-17 13:45:00,Mx2yZCDsyf6DPfv,348.46428571428567,57.34,291.12428571428563,5.077158802132641,5.077158802132641,1.0,96
2020-06-17 13:45:00,Qf4GUc1pJu5T6c6,344.97142857142853,56.8,288.1714285714285,5.0734406438631785,5.0734406438631785,1.0,91
2020-06-17 13:45:00,V94E5Ben1TlhnDV,319.1,56.02,263.08000000000004,4.696179935737237,4.696179935737237,1.0842639735182622,98
2020-06-17 13:45:00,mqwcsP2rE7J0TFp,317.39333333333326,59.70000000000002,257.69333333333327,4.316471245114459,4.316471245114459,1.0188512076579566,137
2020-06-17 13:45:00,NgDl19wMapZy17u,319.4733333333333,60.93571428571428,258.53761904761905,4.242792951197593,4.242792951197593,1.0,129
2020-06-17 13:45:00,IQ2d7wF4YD8zU1Q,320.45333333333326,61.2142857142857,259.23904761904754,4.234943601711396,4.234943601711396,1.0,129
2020-06-17 13:45:00,xMbIugepa2P7lBB,318.76,61.36428571428572,257.3957142857143,4.194552438598533,4.194552438598533,0.9823653995011609,129
2020-06-17 13:45:00,4UPUqMRk7TRMgml,295.33571428571435,57.453333333333326,237.88238095238103,4.140445247488647,4.140445247488647,1.0,105
2020-06-17 13:45:00,vOuJvMaM2sgwLmb,371.35333333333335,117.32000000000002,254.03333333333333,2.1653028753267414,2.1653028753267414,0.7896224826398267,142
2020-06-17 13:45:00,81aHJ1q11NBPMrL,374.2133333333334,118.96666666666668,255.24666666666673,2.1455309610535167,2.1455309610535167,0.7988725021368553,143
2020-06-17 13:45:00,WcxssY2VbP4hApt,374.2333333333333,119.28,254.9533333333333,2.1374357254638943,2.1374357254638943,0.8131277317394211,142
2020-06-17 13:45:00,rrq4fwE8jgrTyWY,300.26666666666665,105.45333333333332,194.81333333333333,1.847389050448856,1.847389050448856,1.0,135
2020-06-17 13:45:00,Et9kgGMDl729KT4,290.6333333333333,102.30666666666669,188.32666666666665,1.8408054216082361,1.8408054216082361,1.0,105
2020-06-17 13:45:00,Quc1TzYxW2pYoWX,264.1133333333333,93.26666666666668,170.8466666666666,1.8318084345961392,1.8318084345961392,1.0,108
2020-06-17 13:45:00,LYwnQax7tkwH5Cb,302.74,107.06000000000004,195.67999999999995,1.8277601345040153,1.8277601345040153,0.8540476989297716,143
2020-06-17 13:45:00,q49J1IKaHRwDQnt,315.2933333333333,112.32000000000002,202.97333333333327,1.8070987654320978,1.8070987654320978,0.8617696945001074,143
2020-06-17 13:45:00,LlT2YUhhzqhg5Sw,316.6,112.96,203.64000000000004,1.8027620396600572,1.8027620396600572,0.8849165458231198,127
2020-06-17 17:00:00,81aHJ1q11NBPMrL,131.96666666666667,50.900000000000006,81.06666666666666,1.5926653569089715,1.5926653569089715,0.7988725021368553,143
2020-06-17 17:00:00,Mx2yZCDsyf6DPfv,135.33333333333334,52.39333333333334,82.94,1.5830258302583025,1.5830258302583025,1.0,96
2020-06-17 17:00:00,9kRcWv60rDACzjR,133.36666666666667,51.76,81.60666666666668,1.5766357547655852,1.5766357547655852,0.8376117177500583,127
2020-06-17 17:00:00,LlT2YUhhzqhg5Sw,133.65,51.98,81.67000000000002,1.5711812235475187,1.5711812235475187,0.8849165458231198,127
2020-06-17 17:00:00,WcxssY2VbP4hApt,134.90666666666667,52.566666666666656,82.34,1.566391883322765,1.566391883322765,0.8131277317394211,142
2020-06-17 17:00:00,vOuJvMaM2sgwLmb,132.36666666666665,51.633333333333326,80.73333333333332,1.5635894125242091,1.5635894125242091,0.7896224826398267,142
2020-06-17 17:00:00,q49J1IKaHRwDQnt,134.9,52.92666666666666,81.97333333333334,1.5488096737624388,1.5488096737624388,0.8617696945001074,143
2020-06-17 17:00:00,LYwnQax7tkwH5Cb,129.82857142857142,51.39333333333333,78.43523809523809,1.5261753423642126,1.5261753423642126,0.8540476989297716,143
2020-06-17 17:00:00,oZ35aAeoifZaQzV,134.02000000000004,53.07333333333334,80.9466666666667,1.5251852782313784,1.5251852782313784,1.0,97
2020-06-17 17:00:00,4UPUqMRk7TRMgml,134.60666666666668,53.813333333333325,80.79333333333335,1.5013627353815664,1.5013627353815664,1.0,105
2020-06-17 17:00:00,rrq4fwE8jgrTyWY,130.45,52.306666666666665,78.14333333333332,1.4939459597247002,1.4939459597247002,1.0,135
2020-06-17 17:00:00,xMbIugepa2P7lBB,137.10714285714286,55.266666666666666,81.8404761904762,1.480828881612959,1.480828881612959,0.9823653995011609,129
2020-06-17 17:00:00,Qf4GUc1pJu5T6c6,133.59333333333333,55.053333333333335,78.53999999999999,1.4266166141922982,1.4266166141922982,1.0,91
2020-06-17 17:00:00,IQ2d7wF4YD8zU1Q,138.65714285714284,57.53333333333334,81.12380952380951,1.4100314517463992,1.4100314517463992,1.0,129
2020-06-17 17:00:00,NgDl19wMapZy17u,138.97142857142856,58.12666666666666,80.8447619047619,1.390837743515803,1.390837743515803,1.0,129
2020-06-17 17:00:00,mqwcsP2rE7J0TFp,140.12857142857143,61.18666666666667,78.94190476190477,1.2901814898982038,1.2901814898982038,1.0188512076579566,137
2020-06-16 12:15:00,4UPUqMRk7TRMgml,785.3666666666666,377.4266666666666,407.93999999999994,1.080845727205285,1.080845727205285,1.0,105
2020-06-16 12:15:00,Qf4GUc1pJu5T6c6,787.5733333333335,379.14,408.4333333333335,1.077262576708692,1.077262576708692,1.0,91
2020-06-16 11:45:00,Mx2yZCDsyf6DPfv,828.2642857142857,401.3466666666666,426.91761904761916,1.063712880919951,1.063712880919951,1.0,96
2020-06-17 14:00:00,4UPUqMRk7TRMgml,604.6733333333333,295.33571428571435,309.33761904761894,1.0474101305213592,1.0474101305213592,1.0,105
2020-06-16 14:15:00,9kRcWv60rDACzjR,0.0,221.8333333333333,-221.8333333333333,-1.0,1.0,0.8376117177500583,127
2020-06-16 14:15:00,81aHJ1q11NBPMrL,0.0,223.0066666666667,-223.0066666666667,-1.0,1.0,0.7988725021368553,143
2020-06-16 14:15:00,q49J1IKaHRwDQnt,0.0,219.46,-219.46,-1.0,1.0,0.8617696945001074,143
2020-06-16 14:15:00,LlT2YUhhzqhg5Sw,0.0,220.4,-220.4,-1.0,1.0,0.8849165458231198,127
2020-06-16 14:15:00,xoJJ8DcxJEcupym,0.0,217.85333333333327,-217.85333333333327,-1.0,1.0,0.8195700732505016,143
2020-06-16 14:15:00,vOuJvMaM2sgwLmb,0.0,222.44000000000003,-222.44000000000003,-1.0,1.0,0.7896224826398267,142
2020-06-16 14:15:00,xMbIugepa2P7lBB,0.0,219.08,-219.08,-1.0,1.0,0.9823653995011609,129
2020-06-16 14:15:00,LYwnQax7tkwH5Cb,0.0,213.6866666666667,-213.6866666666667,-1.0,1.0,0.8540476989297716,143
2020-06-16 14:15:00,WcxssY2VbP4hApt,0.0,226.0,-226.0,-1.0,1.0,0.8131277317394211,142
2020-06-16 17:15:00,WcxssY2VbP4hApt,101.90666666666668,51.82,50.08666666666668,0.9665508812556287,0.9665508812556287,0.8131277317394211,142
2020-06-16 17:15:00,9kRcWv60rDACzjR,98.67333333333332,50.84666666666667,47.82666666666665,0.940605742755998,0.940605742755998,0.8376117177500583,127
2020-06-17 11:15:00,LlT2YUhhzqhg5Sw,574.96,297.0928571428572,277.8671428571428,0.9352871877479381,0.9352871877479381,0.8849165458231198,127
2020-06-17 11:15:00,LYwnQax7tkwH5Cb,559.4333333333333,289.0785714285714,270.35476190476186,0.9352293411743386,0.9352293411743386,0.8540476989297716,143
2020-06-17 11:15:00,q49J1IKaHRwDQnt,585.1399999999999,305.1428571428571,279.99714285714276,0.9175936329588013,0.9175936329588013,0.8617696945001074,143
2020-06-17 13:30:00,xoJJ8DcxJEcupym,56.833333333333336,678.9266666666665,-622.0933333333331,-0.9162894372489909,0.9162894372489909,0.8195700732505016,143
2020-06-17 13:30:00,9kRcWv60rDACzjR,57.220000000000006,658.8333333333333,-601.6133333333332,-0.9131495067037693,0.9131495067037693,0.8376117177500583,127
2020-06-17 11:15:00,9kRcWv60rDACzjR,592.1466666666666,312.87333333333333,279.2733333333333,0.8926082972875071,0.8926082972875071,0.8376117177500583,127
2020-06-16 17:15:00,LlT2YUhhzqhg5Sw,97.32666666666664,51.453333333333326,45.87333333333331,0.8915522155998961,0.8915522155998961,0.8849165458231198,127
2020-06-17 09:15:00,LlT2YUhhzqhg5Sw,354.57333333333327,187.7,166.87333333333328,0.889042798792399,0.889042798792399,0.8849165458231198,127
2020-06-17 09:15:00,9kRcWv60rDACzjR,362.1066666666666,191.8,170.30666666666662,0.8879388251651023,0.8879388251651023,0.8376117177500583,127
2020-06-17 14:00:00,LYwnQax7tkwH5Cb,570.5799999999999,302.74,267.8399999999999,0.8847195613397631,0.8847195613397631,0.8540476989297716,143
2020-06-17 09:15:00,LYwnQax7tkwH5Cb,344.47333333333336,183.08666666666667,161.38666666666668,0.881476896187598,0.881476896187598,0.8540476989297716,143
2020-06-17 14:00:00,q49J1IKaHRwDQnt,592.5933333333334,315.2933333333333,277.30000000000007,0.8794984564638224,0.8794984564638224,0.8617696945001074,143
2020-06-17 11:15:00,WcxssY2VbP4hApt,617.2,328.42,288.78000000000003,0.879300895195177,0.879300895195177,0.8131277317394211,142
2020-06-17 11:15:00,81aHJ1q11NBPMrL,612.5933333333335,326.28666666666663,286.30666666666684,0.8774697096622608,0.8774697096622608,0.7988725021368553,143
2020-06-17 09:15:00,81aHJ1q11NBPMrL,364.06666666666655,194.08,169.98666666666654,0.8758587524045061,0.8758587524045061,0.7988725021368553,143
2020-06-17 11:15:00,xoJJ8DcxJEcupym,619.0666666666667,330.6266666666666,288.4400000000001,0.8724039198290121,0.8724039198290121,0.8195700732505016,143
2020-06-17 11:15:00,vOuJvMaM2sgwLmb,621.24,332.2800000000001,288.9599999999999,0.8696280245576016,0.8696280245576016,0.7896224826398267,142
2020-06-17 09:15:00,WcxssY2VbP4hApt,366.7933333333333,196.22,170.5733333333333,0.8692963680222877,0.8692963680222877,0.8131277317394211,142
2020-06-17 09:15:00,vOuJvMaM2sgwLmb,361.2533333333333,194.44000000000003,166.81333333333325,0.8579167523829111,0.8579167523829111,0.7896224826398267,142
2020-06-17 13:30:00,vOuJvMaM2sgwLmb,117.32000000000002,672.3199999999998,-554.9999999999998,-0.8254997620180865,0.8254997620180865,0.7896224826398267,142
2020-06-17 09:15:00,xoJJ8DcxJEcupym,351.91428571428565,192.78,159.13428571428565,0.8254709291123854,0.8254709291123854,0.8195700732505016,143
2020-06-17 13:30:00,81aHJ1q11NBPMrL,118.96666666666668,675.7466666666666,-556.7799999999999,-0.8239478305479371,0.8239478305479371,0.7988725021368553,143
2020-06-17 13:30:00,WcxssY2VbP4hApt,119.28,675.0666666666666,-555.7866666666666,-0.8233063401145566,0.8233063401145566,0.8131277317394211,142
2020-06-16 06:30:00,81aHJ1q11NBPMrL,115.25333333333332,63.92,51.333333333333314,0.8030871923237377,0.8030871923237377,0.7988725021368553,143
