SOURCE_KEY,Total_Observations,Anomalies,Mean_Residual,Mean_Deviation_Pct,P95_Abs_Norm_Residual,Calibration_Observations,Normal,Anomaly_Percentage,Peer_Deviation_Pct,ABS_Peer_Deviation_Pct
81aHJ1q11NBPMrL,91,7,-7.382271062271063,3.9861444791624034,0.7988725021368553,143,84,7.6923076923076925,-1.8566987834350908,1.8566987834350908
9kRcWv60rDACzjR,92,7,-6.660652173913045,8.288016258527138,0.8376117177500583,127,85,7.608695652173914,2.445172995929644,2.445172995929644
WcxssY2VbP4hApt,92,7,-6.856811594202898,4.811277995502511,0.8131277317394211,142,85,7.608695652173914,-1.031565267094983,1.031565267094983
q49J1IKaHRwDQnt,91,6,-2.0832914704343284,9.454501130796624,0.8617696945001074,143,85,6.593406593406594,3.6116578681991296,3.6116578681991296
vOuJvMaM2sgwLmb,91,6,-7.464395604395602,3.76302600946137,0.7896224826398267,142,85,6.593406593406594,-2.0798172531361243,2.0798172531361243
LYwnQax7tkwH5Cb,92,6,-6.311304347826087,4.837053467996624,0.8540476989297716,143,86,6.521739130434782,-1.0057897946008705,1.0057897946008705
LlT2YUhhzqhg5Sw,92,6,-6.530005175983439,4.806670776481268,0.8849165458231198,127,86,6.521739130434782,-1.036172486116226,1.036172486116226
xoJJ8DcxJEcupym,90,5,-8.441761904761904,5.790889552839753,0.8195700732505016,143,85,5.555555555555555,-0.051953709757741606,0.051953709757741606
4UPUqMRk7TRMgml,90,4,-11.312666666666667,7.197133383191678,1.0,105,86,4.444444444444445,1.3542901205941842,1.3542901205941842
Qf4GUc1pJu5T6c6,90,3,-11.220814814814815,7.627275721650068,1.0,91,87,3.3333333333333335,1.7844324590525735,1.7844324590525735
xMbIugepa2P7lBB,92,3,-6.669347826086955,7.13054438770372,0.9823653995011609,129,89,3.260869565217391,1.287701125106226,1.287701125106226
Mx2yZCDsyf6DPfv,92,3,-6.9640579710144905,8.33191221460145,1.0,96,89,3.260869565217391,2.489068952003956,2.489068952003956
rrq4fwE8jgrTyWY,91,2,-6.330094191522763,4.663808257485707,1.0,135,89,2.197802197802198,-1.1790350051117873,1.1790350051117873
IQ2d7wF4YD8zU1Q,92,2,-6.727028985507249,7.016876637959981,1.0,129,90,2.1739130434782608,1.1740333753624865,1.1740333753624865
oZ35aAeoifZaQzV,92,2,-6.969855072463768,8.118000631473574,1.0,97,90,2.1739130434782608,2.27515736887608,2.27515736887608
mqwcsP2rE7J0TFp,92,2,-6.666811594202897,6.770190358283309,1.0188512076579566,137,90,2.1739130434782608,0.927347095685815,0.927347095685815
NgDl19wMapZy17u,92,2,-6.691449275362317,6.982849277011974,1.0,129,90,2.1739130434782608,1.14000601441448,1.14000601441448
Quc1TzYxW2pYoWX,86,1,-14.934806201550389,0.7767516505397403,1.0,108,85,1.1627906976744187,-5.066091612057754,5.066091612057754
Et9kgGMDl729KT4,88,1,-12.111877705627705,1.4822775608664802,1.0,105,87,1.1363636363636365,-4.360565701731014,4.360565701731014
PeE6FRyGXUgsRhN,90,1,-8.28019576719577,5.694400766378014,1.0050898489883968,130,89,1.1111111111111112,-0.1484424962194799,0.1484424962194799
V94E5Ben1TlhnDV,90,1,-6.853724867724866,5.346763564759913,1.0842639735182622,98,89,1.1111111111111112,-0.49607969783758143,0.49607969783758143
oZZkBaNadn6DNKz,90,1,-8.520031746031746,5.666187694471556,1.1151183176572743,114,89,1.1111111111111112,-0.17665556812593852,0.17665556812593852
